timestamp_sec_floor,timestamp,/electrical/temp_sensors/in.inlet_temp,/electrical/temp_sensors/out.outlet_temp
1761090075,10/21/25 | 07:41:15 PM,,19.510000228881836
1761090077,10/21/25 | 07:41:17 PM,,19.494999885559082
1761090078,10/21/25 | 07:41:18 PM,,19.59000015258789
1761090079,10/21/25 | 07:41:19 PM,,19.440000534057617
1761090080,10/21/25 | 07:41:20 PM,,19.440000534057617
1761090081,10/21/25 | 07:41:21 PM,,19.639999389648438
1761090082,10/21/25 | 07:41:22 PM,,19.639999389648438
1761090083,10/21/25 | 07:41:23 PM,,19.729999542236328
1761090085,10/21/25 | 07:41:25 PM,,19.18000030517578
1761090086,10/21/25 | 07:41:26 PM,,19.3799991607666
1761090087,10/21/25 | 07:41:27 PM,,19.574999809265137
1761090088,10/21/25 | 07:41:28 PM,,18.959999084472656
1761090090,10/21/25 | 07:41:30 PM,,17.030000686645508
1761090091,10/21/25 | 07:41:31 PM,,21.005000114440918
1761090092,10/21/25 | 07:41:32 PM,,19.790000915527344
1761090094,10/21/25 | 07:41:34 PM,,19.510000228881836
1761090095,10/21/25 | 07:41:35 PM,,21.170000076293945
1761090096,10/21/25 | 07:41:36 PM,,19.485000610351562
1761090097,10/21/25 | 07:41:37 PM,,19.700000762939453
1761090098,10/21/25 | 07:41:38 PM,,19.200000762939453
1761090099,10/21/25 | 07:41:39 PM,,18.889999389648438
1761090100,10/21/25 | 07:41:40 PM,,19.030000686645508
1761090101,10/21/25 | 07:41:41 PM,,19.329999923706055
1761090102,10/21/25 | 07:41:42 PM,,19.700000762939453
1761090103,10/21/25 | 07:41:43 PM,,20.030000686645508
1761090104,10/21/25 | 07:41:44 PM,,19.329999923706055
1761090105,10/21/25 | 07:41:45 PM,,20.360000610351562
1761090106,10/21/25 | 07:41:46 PM,,19.530000686645508
1761090107,10/21/25 | 07:41:47 PM,,19.3799991607666
1761090108,10/21/25 | 07:41:48 PM,,19.489999771118164
1761090109,10/21/25 | 07:41:49 PM,,19.729999542236328
1761090110,10/21/25 | 07:41:50 PM,,19.920000076293945
1761090111,10/21/25 | 07:41:51 PM,,19.75
1761090112,10/21/25 | 07:41:52 PM,,17.079999923706055
1761090113,10/21/25 | 07:41:53 PM,,21.079999923706055
1761090114,10/21/25 | 07:41:54 PM,,19.68000030517578
1761090115,10/21/25 | 07:41:55 PM,,20.780000686645508
1761090116,10/21/25 | 07:41:56 PM,,19.329999923706055
1761090117,10/21/25 | 07:41:57 PM,,19.459999084472656
1761090118,10/21/25 | 07:41:58 PM,,19.139999389648438
1761090119,10/21/25 | 07:41:59 PM,,21.0
1761090120,10/21/25 | 07:42:00 PM,,17.25
1761090121,10/21/25 | 07:42:01 PM,,20.81999969482422
1761090122,10/21/25 | 07:42:02 PM,,21.31999969482422
1761090123,10/21/25 | 07:42:03 PM,,19.6200008392334
1761090124,10/21/25 | 07:42:04 PM,,19.8799991607666
1761090125,10/21/25 | 07:42:05 PM,,19.729999542236328
1761090126,10/21/25 | 07:42:06 PM,,19.68000030517578
1761090127,10/21/25 | 07:42:07 PM,,19.639999389648438
1761090128,10/21/25 | 07:42:08 PM,,19.790000915527344
1761090129,10/21/25 | 07:42:09 PM,,19.860000610351562
1761090130,10/21/25 | 07:42:10 PM,,19.700000762939453
1761090131,10/21/25 | 07:42:11 PM,,19.700000762939453
1761090132,10/21/25 | 07:42:12 PM,,19.790000915527344
1761090133,10/21/25 | 07:42:13 PM,,19.6200008392334
1761090134,10/21/25 | 07:42:14 PM,,19.489999771118164
1761090135,10/21/25 | 07:42:15 PM,,19.729999542236328
1761090136,10/21/25 | 07:42:16 PM,,19.3799991607666
1761090137,10/21/25 | 07:42:17 PM,,19.350000381469727
1761090138,10/21/25 | 07:42:18 PM,,19.59000015258789
1761090139,10/21/25 | 07:42:19 PM,,19.729999542236328
1761090140,10/21/25 | 07:42:20 PM,,19.75
1761090141,10/21/25 | 07:42:21 PM,,19.700000762939453
1761090142,10/21/25 | 07:42:22 PM,,20.010000228881836
1761090143,10/21/25 | 07:42:23 PM,,19.6200008392334
1761090144,10/21/25 | 07:42:24 PM,,19.68000030517578
1761090145,10/21/25 | 07:42:25 PM,,19.489999771118164
1761090146,10/21/25 | 07:42:26 PM,,19.729999542236328
1761090147,10/21/25 | 07:42:27 PM,,19.8799991607666
1761090148,10/21/25 | 07:42:28 PM,,20.360000610351562
1761090149,10/21/25 | 07:42:29 PM,,19.770000457763672
1761090150,10/21/25 | 07:42:30 PM,,19.860000610351562
1761090151,10/21/25 | 07:42:31 PM,,20.399999618530273
1761090152,10/21/25 | 07:42:32 PM,,19.530000686645508
1761090153,10/21/25 | 07:42:33 PM,,20.270000457763672
1761090154,10/21/25 | 07:42:34 PM,,20.969999313354492
1761090155,10/21/25 | 07:42:35 PM,,20.079999923706055
1761090156,10/21/25 | 07:42:36 PM,,19.729999542236328
1761090157,10/21/25 | 07:42:37 PM,,18.190000534057617
1761090158,10/21/25 | 07:42:38 PM,,18.959999084472656
1761090159,10/21/25 | 07:42:39 PM,,19.75
1761090160,10/21/25 | 07:42:40 PM,,19.639999389648438
1761090161,10/21/25 | 07:42:41 PM,,20.190000534057617
1761090162,10/21/25 | 07:42:42 PM,,19.030000686645508
1761090163,10/21/25 | 07:42:43 PM,,20.469999313354492
1761090164,10/21/25 | 07:42:44 PM,,19.6200008392334
1761090165,10/21/25 | 07:42:45 PM,,19.84000015258789
1761090166,10/21/25 | 07:42:46 PM,,19.530000686645508
1761090167,10/21/25 | 07:42:47 PM,,19.75
1761090168,10/21/25 | 07:42:48 PM,,18.079999923706055
1761090169,10/21/25 | 07:42:49 PM,,20.450000762939453
1761090170,10/21/25 | 07:42:50 PM,,19.3799991607666
1761090171,10/21/25 | 07:42:51 PM,,19.729999542236328
1761090172,10/21/25 | 07:42:52 PM,,19.770000457763672
1761090173,10/21/25 | 07:42:53 PM,,19.530000686645508
1761090175,10/21/25 | 07:42:55 PM,,19.440000534057617
1761090176,10/21/25 | 07:42:56 PM,,19.729999542236328
1761090177,10/21/25 | 07:42:57 PM,,19.729999542236328
1761090178,10/21/25 | 07:42:58 PM,,19.420000076293945
1761090179,10/21/25 | 07:42:59 PM,,19.729999542236328
1761090180,10/21/25 | 07:43:00 PM,,19.700000762939453
1761090181,10/21/25 | 07:43:01 PM,,19.729999542236328
1761090182,10/21/25 | 07:43:02 PM,,19.3799991607666
1761090183,10/21/25 | 07:43:03 PM,,19.639999389648438
1761090184,10/21/25 | 07:43:04 PM,,19.6200008392334
1761090185,10/21/25 | 07:43:05 PM,,19.75
1761090186,10/21/25 | 07:43:06 PM,,19.65999984741211
1761090187,10/21/25 | 07:43:07 PM,,19.790000915527344
1761090188,10/21/25 | 07:43:08 PM,,19.729999542236328
1761090189,10/21/25 | 07:43:09 PM,,19.729999542236328
1761090190,10/21/25 | 07:43:10 PM,,19.6200008392334
1761090191,10/21/25 | 07:43:11 PM,,19.729999542236328
1761090192,10/21/25 | 07:43:12 PM,,19.729999542236328
1761090193,10/21/25 | 07:43:13 PM,,19.56999969482422
1761090194,10/21/25 | 07:43:14 PM,,19.68000030517578
1761090195,10/21/25 | 07:43:15 PM,,19.729999542236328
1761090196,10/21/25 | 07:43:16 PM,,19.8799991607666
1761090197,10/21/25 | 07:43:17 PM,,19.75
1761090198,10/21/25 | 07:43:18 PM,,19.700000762939453
1761090199,10/21/25 | 07:43:19 PM,,19.56999969482422
1761090200,10/21/25 | 07:43:20 PM,,19.510000228881836
1761090201,10/21/25 | 07:43:21 PM,,20.290000915527344
1761090202,10/21/25 | 07:43:22 PM,,19.440000534057617
1761090203,10/21/25 | 07:43:23 PM,,19.329999923706055
1761090204,10/21/25 | 07:43:24 PM,,19.3799991607666
1761090205,10/21/25 | 07:43:25 PM,,18.479999542236328
1761090206,10/21/25 | 07:43:26 PM,,19.139999389648438
1761090207,10/21/25 | 07:43:27 PM,,19.700000762939453
1761090208,10/21/25 | 07:43:28 PM,,19.940000534057617
1761090209,10/21/25 | 07:43:29 PM,,19.729999542236328
1761090210,10/21/25 | 07:43:30 PM,,19.489999771118164
1761090211,10/21/25 | 07:43:31 PM,,19.729999542236328
1761090212,10/21/25 | 07:43:32 PM,,20.75
1761090213,10/21/25 | 07:43:33 PM,,20.010000228881836
1761090214,10/21/25 | 07:43:34 PM,,19.790000915527344
1761090215,10/21/25 | 07:43:35 PM,,20.43000030517578
1761090216,10/21/25 | 07:43:36 PM,,20.81999969482422
1761090217,10/21/25 | 07:43:37 PM,,19.700000762939453
1761090218,10/21/25 | 07:43:38 PM,,19.56999969482422
1761090219,10/21/25 | 07:43:39 PM,,20.889999389648438
1761090220,10/21/25 | 07:43:40 PM,,18.6299991607666
1761090221,10/21/25 | 07:43:41 PM,,19.270000457763672
1761090222,10/21/25 | 07:43:42 PM,,19.75
1761090223,10/21/25 | 07:43:43 PM,,19.860000610351562
1761090224,10/21/25 | 07:43:44 PM,,19.3799991607666
1761090225,10/21/25 | 07:43:45 PM,,19.440000534057617
1761090226,10/21/25 | 07:43:46 PM,,19.729999542236328
1761090227,10/21/25 | 07:43:47 PM,,19.8799991607666
1761090228,10/21/25 | 07:43:48 PM,,19.420000076293945
1761090229,10/21/25 | 07:43:49 PM,,19.729999542236328
1761090230,10/21/25 | 07:43:50 PM,,19.459999084472656
1761090231,10/21/25 | 07:43:51 PM,,19.65999984741211
1761090232,10/21/25 | 07:43:52 PM,,19.969999313354492
1761090233,10/21/25 | 07:43:53 PM,,19.489999771118164
1761090234,10/21/25 | 07:43:54 PM,,19.15999984741211
1761090235,10/21/25 | 07:43:55 PM,,19.270000457763672
1761090236,10/21/25 | 07:43:56 PM,,19.270000457763672
1761090237,10/21/25 | 07:43:57 PM,,19.420000076293945
1761090238,10/21/25 | 07:43:58 PM,,20.079999923706055
1761090239,10/21/25 | 07:43:59 PM,,20.010000228881836
1761090240,10/21/25 | 07:44:00 PM,,19.239999771118164
1761090241,10/21/25 | 07:44:01 PM,,19.8799991607666
1761090242,10/21/25 | 07:44:02 PM,,19.700000762939453
1761090243,10/21/25 | 07:44:03 PM,,19.770000457763672
1761090244,10/21/25 | 07:44:04 PM,,19.6200008392334
1761090245,10/21/25 | 07:44:05 PM,,19.530000686645508
1761090246,10/21/25 | 07:44:06 PM,,16.899999618530273
1761090247,10/21/25 | 07:44:07 PM,,19.3799991607666
1761090248,10/21/25 | 07:44:08 PM,,19.420000076293945
1761090249,10/21/25 | 07:44:09 PM,,19.899999618530273
1761090250,10/21/25 | 07:44:10 PM,,21.610000610351562
1761090251,10/21/25 | 07:44:11 PM,,18.940000534057617
1761090252,10/21/25 | 07:44:12 PM,,19.700000762939453
1761090253,10/21/25 | 07:44:13 PM,,19.639999389648438
1761090254,10/21/25 | 07:44:14 PM,,19.68000030517578
1761090255,10/21/25 | 07:44:15 PM,,19.329999923706055
1761090256,10/21/25 | 07:44:16 PM,,19.860000610351562
1761090257,10/21/25 | 07:44:17 PM,,19.84000015258789
1761090258,10/21/25 | 07:44:18 PM,,19.700000762939453
1761090259,10/21/25 | 07:44:19 PM,,20.15999984741211
1761090260,10/21/25 | 07:44:20 PM,,19.489999771118164
1761090261,10/21/25 | 07:44:21 PM,,19.3799991607666
1761090262,10/21/25 | 07:44:22 PM,,19.75
1761090263,10/21/25 | 07:44:23 PM,,19.969999313354492
1761090264,10/21/25 | 07:44:24 PM,,19.75
1761090265,10/21/25 | 07:44:25 PM,,19.489999771118164
1761090266,10/21/25 | 07:44:26 PM,,19.729999542236328
1761090267,10/21/25 | 07:44:27 PM,,19.489999771118164
1761090268,10/21/25 | 07:44:28 PM,,19.68000030517578
1761090269,10/21/25 | 07:44:29 PM,,19.65999984741211
1761090270,10/21/25 | 07:44:30 PM,,19.969999313354492
1761090271,10/21/25 | 07:44:31 PM,,19.350000381469727
1761090272,10/21/25 | 07:44:32 PM,,19.030000686645508
1761090273,10/21/25 | 07:44:33 PM,,19.139999389648438
1761090274,10/21/25 | 07:44:34 PM,,19.18000030517578
1761090275,10/21/25 | 07:44:35 PM,,19.3799991607666
1761090276,10/21/25 | 07:44:36 PM,,19.3799991607666
1761090277,10/21/25 | 07:44:37 PM,,20.1200008392334
1761090278,10/21/25 | 07:44:38 PM,,19.75
1761090279,10/21/25 | 07:44:39 PM,,19.860000610351562
1761090280,10/21/25 | 07:44:40 PM,,19.530000686645508
1761090281,10/21/25 | 07:44:41 PM,,19.770000457763672
1761090282,10/21/25 | 07:44:42 PM,,19.3799991607666
1761090283,10/21/25 | 07:44:43 PM,,20.139999389648438
1761090284,10/21/25 | 07:44:44 PM,,19.770000457763672
1761090285,10/21/25 | 07:44:45 PM,,19.510000228881836
1761090286,10/21/25 | 07:44:46 PM,,19.84000015258789
1761090287,10/21/25 | 07:44:47 PM,,19.68000030517578
1761090288,10/21/25 | 07:44:48 PM,,20.030000686645508
1761090289,10/21/25 | 07:44:49 PM,,19.729999542236328
1761090290,10/21/25 | 07:44:50 PM,,19.510000228881836
1761090291,10/21/25 | 07:44:51 PM,,19.530000686645508
1761090292,10/21/25 | 07:44:52 PM,,19.3799991607666
1761090293,10/21/25 | 07:44:53 PM,,19.030000686645508
1761090294,10/21/25 | 07:44:54 PM,,19.65999984741211
1761090295,10/21/25 | 07:44:55 PM,,18.459999084472656
1761090296,10/21/25 | 07:44:56 PM,,19.030000686645508
1761090297,10/21/25 | 07:44:57 PM,,19.329999923706055
1761090298,10/21/25 | 07:44:58 PM,,19.030000686645508
1761090299,10/21/25 | 07:44:59 PM,,20.139999389648438
1761090300,10/21/25 | 07:45:00 PM,,19.3799991607666
1761090301,10/21/25 | 07:45:01 PM,,20.799999237060547
1761090302,10/21/25 | 07:45:02 PM,,19.969999313354492
1761090303,10/21/25 | 07:45:03 PM,,18.59000015258789
1761090304,10/21/25 | 07:45:04 PM,,20.100000381469727
1761090305,10/21/25 | 07:45:05 PM,,12.010000228881836
1761090306,10/21/25 | 07:45:06 PM,,19.440000534057617
1761090307,10/21/25 | 07:45:07 PM,,19.729999542236328
1761090308,10/21/25 | 07:45:08 PM,,19.030000686645508
1761090309,10/21/25 | 07:45:09 PM,,20.079999923706055
1761090310,10/21/25 | 07:45:10 PM,,19.239999771118164
1761090311,10/21/25 | 07:45:11 PM,,19.139999389648438
1761090312,10/21/25 | 07:45:12 PM,,20.3799991607666
1761090313,10/21/25 | 07:45:13 PM,,20.3799991607666
1761090314,10/21/25 | 07:45:14 PM,,18.809999465942383
1761090315,10/21/25 | 07:45:15 PM,,19.530000686645508
1761090316,10/21/25 | 07:45:16 PM,,19.56999969482422
1761090317,10/21/25 | 07:45:17 PM,,19.940000534057617
1761090318,10/21/25 | 07:45:18 PM,,19.329999923706055
1761090319,10/21/25 | 07:45:19 PM,,19.489999771118164
1761090320,10/21/25 | 07:45:20 PM,,19.440000534057617
1761090321,10/21/25 | 07:45:21 PM,,19.770000457763672
1761090322,10/21/25 | 07:45:22 PM,,19.75
1761090323,10/21/25 | 07:45:23 PM,,19.239999771118164
1761090324,10/21/25 | 07:45:24 PM,,19.700000762939453
1761090325,10/21/25 | 07:45:25 PM,,19.3799991607666
1761090326,10/21/25 | 07:45:26 PM,,17.950000762939453
1761090327,10/21/25 | 07:45:27 PM,,17.25
1761090328,10/21/25 | 07:45:28 PM,,20.190000534057617
1761090329,10/21/25 | 07:45:29 PM,,19.530000686645508
1761090330,10/21/25 | 07:45:30 PM,,20.81999969482422
1761090331,10/21/25 | 07:45:31 PM,,19.09000015258789
1761090332,10/21/25 | 07:45:32 PM,,19.59000015258789
1761090333,10/21/25 | 07:45:33 PM,,19.809999465942383
1761090334,10/21/25 | 07:45:34 PM,,19.489999771118164
1761090335,10/21/25 | 07:45:35 PM,,19.399999618530273
1761090336,10/21/25 | 07:45:36 PM,,19.489999771118164
1761090337,10/21/25 | 07:45:37 PM,,19.809999465942383
1761090338,10/21/25 | 07:45:38 PM,,19.790000915527344
1761090339,10/21/25 | 07:45:39 PM,,19.729999542236328
1761090340,10/21/25 | 07:45:40 PM,,19.65999984741211
1761090341,10/21/25 | 07:45:41 PM,,22.600000381469727
1761090342,10/21/25 | 07:45:42 PM,,19.09000015258789
1761090343,10/21/25 | 07:45:43 PM,,19.440000534057617
1761090344,10/21/25 | 07:45:44 PM,,20.15999984741211
1761090345,10/21/25 | 07:45:45 PM,,20.540000915527344
1761090346,10/21/25 | 07:45:46 PM,,19.790000915527344
1761090347,10/21/25 | 07:45:47 PM,,19.200000762939453
1761090348,10/21/25 | 07:45:48 PM,,19.530000686645508
1761090349,10/21/25 | 07:45:49 PM,,19.270000457763672
1761090350,10/21/25 | 07:45:50 PM,,16.989999771118164
1761090351,10/21/25 | 07:45:51 PM,,18.299999237060547
1761090352,10/21/25 | 07:45:52 PM,,18.719999313354492
1761090353,10/21/25 | 07:45:53 PM,,20.209999084472656
1761090354,10/21/25 | 07:45:54 PM,,19.809999465942383
1761090355,10/21/25 | 07:45:55 PM,,20.399999618530273
1761090356,10/21/25 | 07:45:56 PM,,20.489999771118164
1761090357,10/21/25 | 07:45:57 PM,,20.049999237060547
1761090358,10/21/25 | 07:45:58 PM,,19.68000030517578
1761090359,10/21/25 | 07:45:59 PM,,19.510000228881836
1761090360,10/21/25 | 07:46:00 PM,,19.030000686645508
1761090361,10/21/25 | 07:46:01 PM,,19.459999084472656
1761090362,10/21/25 | 07:46:02 PM,,20.190000534057617
1761090363,10/21/25 | 07:46:03 PM,,20.889999389648438
1761090364,10/21/25 | 07:46:04 PM,,20.100000381469727
1761090365,10/21/25 | 07:46:05 PM,,19.290000915527344
1761090366,10/21/25 | 07:46:06 PM,,20.799999237060547
1761090367,10/21/25 | 07:46:07 PM,,20.049999237060547
1761090368,10/21/25 | 07:46:08 PM,,19.8799991607666
1761090369,10/21/25 | 07:46:09 PM,,19.0
1761090370,10/21/25 | 07:46:10 PM,,20.579999923706055
1761090371,10/21/25 | 07:46:11 PM,,23.549999237060547
1761090372,10/21/25 | 07:46:12 PM,,19.84000015258789
1761090373,10/21/25 | 07:46:13 PM,,19.049999237060547
1761090374,10/21/25 | 07:46:14 PM,,18.829999923706055
1761090375,10/21/25 | 07:46:15 PM,,19.420000076293945
1761090376,10/21/25 | 07:46:16 PM,,20.030000686645508
1761090377,10/21/25 | 07:46:17 PM,,20.209999084472656
1761090378,10/21/25 | 07:46:18 PM,,19.639999389648438
1761090379,10/21/25 | 07:46:19 PM,,22.030000686645508
1761090380,10/21/25 | 07:46:20 PM,,18.350000381469727
1761090381,10/21/25 | 07:46:21 PM,,19.729999542236328
1761090382,10/21/25 | 07:46:22 PM,,20.399999618530273
1761090383,10/21/25 | 07:46:23 PM,,19.700000762939453
1761090384,10/21/25 | 07:46:24 PM,,19.729999542236328
1761090385,10/21/25 | 07:46:25 PM,,19.65999984741211
1761090386,10/21/25 | 07:46:26 PM,,20.010000228881836
1761090387,10/21/25 | 07:46:27 PM,,20.1200008392334
1761090388,10/21/25 | 07:46:28 PM,,19.59000015258789
1761090389,10/21/25 | 07:46:29 PM,,19.700000762939453
1761090390,10/21/25 | 07:46:30 PM,,19.8799991607666
1761090391,10/21/25 | 07:46:31 PM,,19.8799991607666
1761090392,10/21/25 | 07:46:32 PM,,19.489999771118164
1761090393,10/21/25 | 07:46:33 PM,,19.770000457763672
1761090394,10/21/25 | 07:46:34 PM,,19.920000076293945
1761090395,10/21/25 | 07:46:35 PM,,19.860000610351562
1761090396,10/21/25 | 07:46:36 PM,,19.860000610351562
1761090397,10/21/25 | 07:46:37 PM,,19.530000686645508
1761090398,10/21/25 | 07:46:38 PM,,19.790000915527344
1761090399,10/21/25 | 07:46:39 PM,,19.440000534057617
1761090400,10/21/25 | 07:46:40 PM,,19.729999542236328
1761090401,10/21/25 | 07:46:41 PM,,19.84000015258789
1761090402,10/21/25 | 07:46:42 PM,,19.530000686645508
1761090403,10/21/25 | 07:46:43 PM,,19.68000030517578
1761090404,10/21/25 | 07:46:44 PM,,19.729999542236328
1761090405,10/21/25 | 07:46:45 PM,,19.729999542236328
1761090406,10/21/25 | 07:46:46 PM,,19.729999542236328
1761090407,10/21/25 | 07:46:47 PM,,19.75
1761090408,10/21/25 | 07:46:48 PM,,19.530000686645508
1761090409,10/21/25 | 07:46:49 PM,,19.530000686645508
1761090410,10/21/25 | 07:46:50 PM,,19.969999313354492
1761090411,10/21/25 | 07:46:51 PM,,19.84000015258789
1761090412,10/21/25 | 07:46:52 PM,,19.729999542236328
1761090413,10/21/25 | 07:46:53 PM,,19.729999542236328
1761090414,10/21/25 | 07:46:54 PM,,19.75
1761090415,10/21/25 | 07:46:55 PM,,19.530000686645508
1761090416,10/21/25 | 07:46:56 PM,,19.770000457763672
1761090417,10/21/25 | 07:46:57 PM,,19.75
1761090418,10/21/25 | 07:46:58 PM,,19.59000015258789
1761090419,10/21/25 | 07:46:59 PM,,19.770000457763672
1761090420,10/21/25 | 07:47:00 PM,,19.75
1761090421,10/21/25 | 07:47:01 PM,,19.459999084472656
1761090422,10/21/25 | 07:47:02 PM,,20.049999237060547
1761090423,10/21/25 | 07:47:03 PM,,19.729999542236328
1761090424,10/21/25 | 07:47:04 PM,,15.5
1761090425,10/21/25 | 07:47:05 PM,,19.700000762939453
1761090426,10/21/25 | 07:47:06 PM,,20.489999771118164
1761090427,10/21/25 | 07:47:07 PM,,18.540000915527344
1761090428,10/21/25 | 07:47:08 PM,,19.3799991607666
1761090429,10/21/25 | 07:47:09 PM,,16.020000457763672
1761090430,10/21/25 | 07:47:10 PM,,19.700000762939453
1761090431,10/21/25 | 07:47:11 PM,,18.700000762939453
1761090432,10/21/25 | 07:47:12 PM,,18.260000228881836
1761090433,10/21/25 | 07:47:13 PM,,18.649999618530273
1761090434,10/21/25 | 07:47:14 PM,,19.75
1761090435,10/21/25 | 07:47:15 PM,,19.6200008392334
1761090436,10/21/25 | 07:47:16 PM,,19.700000762939453
1761090437,10/21/25 | 07:47:17 PM,,20.399999618530273
1761090438,10/21/25 | 07:47:18 PM,,20.190000534057617
1761090439,10/21/25 | 07:47:19 PM,,20.43000030517578
1761090440,10/21/25 | 07:47:20 PM,,20.43000030517578
1761090441,10/21/25 | 07:47:21 PM,,20.079999923706055
1761090442,10/21/25 | 07:47:22 PM,,19.68000030517578
1761090443,10/21/25 | 07:47:23 PM,,19.729999542236328
1761090444,10/21/25 | 07:47:24 PM,,19.700000762939453
1761090445,10/21/25 | 07:47:25 PM,,20.010000228881836
1761090446,10/21/25 | 07:47:26 PM,,18.6299991607666
1761090447,10/21/25 | 07:47:27 PM,,19.639999389648438
1761090448,10/21/25 | 07:47:28 PM,,19.729999542236328
1761090449,10/21/25 | 07:47:29 PM,,19.68000030517578
1761090450,10/21/25 | 07:47:30 PM,,19.68000030517578
1761090451,10/21/25 | 07:47:31 PM,,20.469999313354492
1761090452,10/21/25 | 07:47:32 PM,,19.729999542236328
1761090453,10/21/25 | 07:47:33 PM,,19.8799991607666
1761090454,10/21/25 | 07:47:34 PM,,20.43000030517578
1761090455,10/21/25 | 07:47:35 PM,,20.90999984741211
1761090456,10/21/25 | 07:47:36 PM,,20.229999542236328
1761090457,10/21/25 | 07:47:37 PM,,20.559999465942383
1761090458,10/21/25 | 07:47:38 PM,,20.360000610351562
1761090459,10/21/25 | 07:47:39 PM,,20.3799991607666
1761090460,10/21/25 | 07:47:40 PM,,21.020000457763672
1761090461,10/21/25 | 07:47:41 PM,,22.90999984741211
1761090462,10/21/25 | 07:47:42 PM,,19.56999969482422
1761090463,10/21/25 | 07:47:43 PM,,20.190000534057617
1761090464,10/21/25 | 07:47:44 PM,,18.020000457763672
1761090465,10/21/25 | 07:47:45 PM,,17.649999618530273
1761090466,10/21/25 | 07:47:46 PM,,19.729999542236328
1761090467,10/21/25 | 07:47:47 PM,,20.690000534057617
1761090468,10/21/25 | 07:47:48 PM,,19.030000686645508
1761090469,10/21/25 | 07:47:49 PM,,19.729999542236328
1761090470,10/21/25 | 07:47:50 PM,,19.940000534057617
1761090471,10/21/25 | 07:47:51 PM,,20.75
1761090472,10/21/25 | 07:47:52 PM,,19.510000228881836
1761090473,10/21/25 | 07:47:53 PM,,19.700000762939453
1761090474,10/21/25 | 07:47:54 PM,,19.65999984741211
1761090475,10/21/25 | 07:47:55 PM,,18.739999771118164
1761090476,10/21/25 | 07:47:56 PM,,21.149999618530273
1761090477,10/21/25 | 07:47:57 PM,,19.729999542236328
1761090478,10/21/25 | 07:47:58 PM,,19.729999542236328
1761090479,10/21/25 | 07:47:59 PM,,21.68000030517578
1761090480,10/21/25 | 07:48:00 PM,,19.440000534057617
1761090481,10/21/25 | 07:48:01 PM,,19.420000076293945
1761090482,10/21/25 | 07:48:02 PM,,21.1299991607666
1761090483,10/21/25 | 07:48:03 PM,,17.690000534057617
1761090484,10/21/25 | 07:48:04 PM,,20.270000457763672
1761090485,10/21/25 | 07:48:05 PM,,21.739999771118164
1761090486,10/21/25 | 07:48:06 PM,,20.43000030517578
1761090487,10/21/25 | 07:48:07 PM,,19.860000610351562
1761090488,10/21/25 | 07:48:08 PM,,19.350000381469727
1761090489,10/21/25 | 07:48:09 PM,,23.040000915527344
1761090490,10/21/25 | 07:48:10 PM,,18.020000457763672
1761090491,10/21/25 | 07:48:11 PM,,19.489999771118164
1761090492,10/21/25 | 07:48:12 PM,,20.31999969482422
1761090493,10/21/25 | 07:48:13 PM,,19.030000686645508
1761090494,10/21/25 | 07:48:14 PM,,20.209999084472656
1761090495,10/21/25 | 07:48:15 PM,,19.65999984741211
1761090496,10/21/25 | 07:48:16 PM,,19.030000686645508
1761090497,10/21/25 | 07:48:17 PM,,19.700000762939453
1761090498,10/21/25 | 07:48:18 PM,,19.84000015258789
1761090499,10/21/25 | 07:48:19 PM,,19.59000015258789
1761090500,10/21/25 | 07:48:20 PM,,19.860000610351562
1761090501,10/21/25 | 07:48:21 PM,,19.84000015258789
1761090502,10/21/25 | 07:48:22 PM,,20.229999542236328
1761090503,10/21/25 | 07:48:23 PM,,20.010000228881836
1761090504,10/21/25 | 07:48:24 PM,,20.010000228881836
1761090505,10/21/25 | 07:48:25 PM,,19.790000915527344
1761090506,10/21/25 | 07:48:26 PM,,19.549999237060547
1761090507,10/21/25 | 07:48:27 PM,,19.639999389648438
1761090508,10/21/25 | 07:48:28 PM,,19.729999542236328
1761090509,10/21/25 | 07:48:29 PM,,19.940000534057617
1761090510,10/21/25 | 07:48:30 PM,,19.729999542236328
1761090511,10/21/25 | 07:48:31 PM,,19.65999984741211
1761090512,10/21/25 | 07:48:32 PM,,19.65999984741211
1761090513,10/21/25 | 07:48:33 PM,,19.969999313354492
1761090514,10/21/25 | 07:48:34 PM,,19.729999542236328
1761090515,10/21/25 | 07:48:35 PM,,20.010000228881836
1761090516,10/21/25 | 07:48:36 PM,,19.790000915527344
1761090517,10/21/25 | 07:48:37 PM,,19.860000610351562
1761090518,10/21/25 | 07:48:38 PM,,19.639999389648438
1761090519,10/21/25 | 07:48:39 PM,,19.729999542236328
1761090520,10/21/25 | 07:48:40 PM,,19.239999771118164
1761090521,10/21/25 | 07:48:41 PM,,20.15999984741211
1761090522,10/21/25 | 07:48:42 PM,,19.940000534057617
1761090523,10/21/25 | 07:48:43 PM,,20.100000381469727
1761090524,10/21/25 | 07:48:44 PM,,19.8799991607666
1761090525,10/21/25 | 07:48:45 PM,,20.139999389648438
1761090526,10/21/25 | 07:48:46 PM,,22.889999389648438
1761090527,10/21/25 | 07:48:47 PM,,18.389999389648438
1761090528,10/21/25 | 07:48:48 PM,,19.309999465942383
1761090529,10/21/25 | 07:48:49 PM,,19.65999984741211
1761090530,10/21/25 | 07:48:50 PM,,19.59000015258789
1761090531,10/21/25 | 07:48:51 PM,,19.729999542236328
1761090532,10/21/25 | 07:48:52 PM,,20.649999618530273
1761090533,10/21/25 | 07:48:53 PM,,19.729999542236328
1761090534,10/21/25 | 07:48:54 PM,,20.1200008392334
1761090535,10/21/25 | 07:48:55 PM,,19.59000015258789
1761090536,10/21/25 | 07:48:56 PM,,19.790000915527344
1761090537,10/21/25 | 07:48:57 PM,,19.940000534057617
1761090538,10/21/25 | 07:48:58 PM,,19.860000610351562
1761090539,10/21/25 | 07:48:59 PM,,19.530000686645508
1761090540,10/21/25 | 07:49:00 PM,,19.700000762939453
1761090541,10/21/25 | 07:49:01 PM,,20.139999389648438
1761090542,10/21/25 | 07:49:02 PM,,19.290000915527344
1761090543,10/21/25 | 07:49:03 PM,,18.170000076293945
1761090544,10/21/25 | 07:49:04 PM,,20.31999969482422
1761090545,10/21/25 | 07:49:05 PM,,19.049999237060547
1761090546,10/21/25 | 07:49:06 PM,,20.15999984741211
1761090547,10/21/25 | 07:49:07 PM,,19.59000015258789
1761090548,10/21/25 | 07:49:08 PM,,20.15999984741211
1761090549,10/21/25 | 07:49:09 PM,,19.399999618530273
1761090550,10/21/25 | 07:49:10 PM,,19.940000534057617
1761090551,10/21/25 | 07:49:11 PM,,20.079999923706055
1761090552,10/21/25 | 07:49:12 PM,,19.700000762939453
1761090553,10/21/25 | 07:49:13 PM,,19.790000915527344
1761090554,10/21/25 | 07:49:14 PM,,19.700000762939453
1761090555,10/21/25 | 07:49:15 PM,,20.209999084472656
1761090556,10/21/25 | 07:49:16 PM,,19.969999313354492
1761090557,10/21/25 | 07:49:17 PM,,18.6299991607666
1761090558,10/21/25 | 07:49:18 PM,,16.950000762939453
1761090559,10/21/25 | 07:49:19 PM,,24.459999084472656
1761090560,10/21/25 | 07:49:20 PM,,20.860000610351562
1761090561,10/21/25 | 07:49:21 PM,,19.8799991607666
1761090562,10/21/25 | 07:49:22 PM,,22.18000030517578
1761090563,10/21/25 | 07:49:23 PM,,17.6299991607666
1761090564,10/21/25 | 07:49:24 PM,,21.1299991607666
1761090565,10/21/25 | 07:49:25 PM,,19.309999465942383
1761090566,10/21/25 | 07:49:26 PM,,18.059999465942383
1761090567,10/21/25 | 07:49:27 PM,,19.729999542236328
1761090568,10/21/25 | 07:49:28 PM,,19.420000076293945
1761090569,10/21/25 | 07:49:29 PM,,20.15999984741211
1761090570,10/21/25 | 07:49:30 PM,,20.15999984741211
1761090571,10/21/25 | 07:49:31 PM,,19.989999771118164
1761090572,10/21/25 | 07:49:32 PM,,19.84000015258789
1761090573,10/21/25 | 07:49:33 PM,,20.010000228881836
1761090574,10/21/25 | 07:49:34 PM,,19.729999542236328
1761090575,10/21/25 | 07:49:35 PM,,19.729999542236328
1761090576,10/21/25 | 07:49:36 PM,,19.729999542236328
1761090577,10/21/25 | 07:49:37 PM,,19.700000762939453
1761090578,10/21/25 | 07:49:38 PM,,20.079999923706055
1761090579,10/21/25 | 07:49:39 PM,,19.770000457763672
1761090580,10/21/25 | 07:49:40 PM,,19.75
1761090581,10/21/25 | 07:49:41 PM,,19.940000534057617
1761090582,10/21/25 | 07:49:42 PM,,20.079999923706055
1761090583,10/21/25 | 07:49:43 PM,,19.729999542236328
1761090584,10/21/25 | 07:49:44 PM,,19.940000534057617
1761090585,10/21/25 | 07:49:45 PM,,19.75
1761090586,10/21/25 | 07:49:46 PM,,19.329999923706055
1761090587,10/21/25 | 07:49:47 PM,,19.030000686645508
1761090588,10/21/25 | 07:49:48 PM,,19.15999984741211
1761090589,10/21/25 | 07:49:49 PM,,20.469999313354492
1761090590,10/21/25 | 07:49:50 PM,,17.469999313354492
1761090591,10/21/25 | 07:49:51 PM,,19.84000015258789
1761090592,10/21/25 | 07:49:52 PM,,19.139999389648438
1761090593,10/21/25 | 07:49:53 PM,,19.8799991607666
1761090594,10/21/25 | 07:49:54 PM,,19.68000030517578
1761090595,10/21/25 | 07:49:55 PM,,20.43000030517578
1761090596,10/21/25 | 07:49:56 PM,,19.729999542236328
1761090597,10/21/25 | 07:49:57 PM,,17.31999969482422
1761090598,10/21/25 | 07:49:58 PM,,17.649999618530273
1761090599,10/21/25 | 07:49:59 PM,,21.5
1761090600,10/21/25 | 07:50:00 PM,,20.360000610351562
1761090601,10/21/25 | 07:50:01 PM,,19.6200008392334
1761090602,10/21/25 | 07:50:02 PM,,20.559999465942383
1761090603,10/21/25 | 07:50:03 PM,,20.190000534057617
1761090604,10/21/25 | 07:50:04 PM,,21.790000915527344
1761090605,10/21/25 | 07:50:05 PM,,20.489999771118164
1761090606,10/21/25 | 07:50:06 PM,,20.079999923706055
1761090607,10/21/25 | 07:50:07 PM,,13.729999542236328
1761090608,10/21/25 | 07:50:08 PM,,17.90999984741211
1761090609,10/21/25 | 07:50:09 PM,,15.520000457763672
1761090610,10/21/25 | 07:50:10 PM,,18.0
1761090611,10/21/25 | 07:50:11 PM,,23.110000610351562
1761090612,10/21/25 | 07:50:12 PM,,17.950000762939453
1761090613,10/21/25 | 07:50:13 PM,,18.920000076293945
1761090614,10/21/25 | 07:50:14 PM,,20.229999542236328
1761090615,10/21/25 | 07:50:15 PM,,18.459999084472656
1761090616,10/21/25 | 07:50:16 PM,,20.139999389648438
1761090617,10/21/25 | 07:50:17 PM,,20.889999389648438
1761090618,10/21/25 | 07:50:18 PM,,19.940000534057617
1761090619,10/21/25 | 07:50:19 PM,,19.65999984741211
1761090620,10/21/25 | 07:50:20 PM,,20.399999618530273
1761090621,10/21/25 | 07:50:21 PM,,19.8799991607666
1761090622,10/21/25 | 07:50:22 PM,,20.1200008392334
1761090623,10/21/25 | 07:50:23 PM,,19.8799991607666
1761090624,10/21/25 | 07:50:24 PM,,19.729999542236328
1761090729,10/21/25 | 07:52:09 PM,29.010000228881836,
1761090730,10/21/25 | 07:52:10 PM,28.899999618530273,
1761090731,10/21/25 | 07:52:11 PM,29.1200008392334,
1761090732,10/21/25 | 07:52:12 PM,28.899999618530273,
1761090733,10/21/25 | 07:52:13 PM,28.899999618530273,
1761090734,10/21/25 | 07:52:14 PM,28.899999618530273,
1761090735,10/21/25 | 07:52:15 PM,28.559999465942383,
1761090736,10/21/25 | 07:52:16 PM,28.790000915527344,
1761090737,10/21/25 | 07:52:17 PM,28.229999542236328,
1761090738,10/21/25 | 07:52:18 PM,29.1200008392334,
1761090739,10/21/25 | 07:52:19 PM,28.1200008392334,
1761090740,10/21/25 | 07:52:20 PM,28.450000762939453,
1761090741,10/21/25 | 07:52:21 PM,28.450000762939453,
1761090742,10/21/25 | 07:52:22 PM,28.559999465942383,
1761090743,10/21/25 | 07:52:23 PM,28.450000762939453,
1761090744,10/21/25 | 07:52:24 PM,28.68000030517578,
1761090745,10/21/25 | 07:52:25 PM,29.56999969482422,
1761090746,10/21/25 | 07:52:26 PM,28.229999542236328,
1761090747,10/21/25 | 07:52:27 PM,28.450000762939453,
1761090748,10/21/25 | 07:52:28 PM,28.559999465942383,
1761090749,10/21/25 | 07:52:29 PM,28.229999542236328,
1761090750,10/21/25 | 07:52:30 PM,28.0,
1761090751,10/21/25 | 07:52:31 PM,27.889999389648438,
1761090752,10/21/25 | 07:52:32 PM,27.889999389648438,
1761090753,10/21/25 | 07:52:33 PM,28.0,
1761090754,10/21/25 | 07:52:34 PM,28.0,
1761090755,10/21/25 | 07:52:35 PM,28.0,
1761090756,10/21/25 | 07:52:36 PM,28.0,
1761090757,10/21/25 | 07:52:37 PM,27.889999389648438,
1761090758,10/21/25 | 07:52:38 PM,27.889999389648438,
1761090759,10/21/25 | 07:52:39 PM,27.889999389648438,
1761090760,10/21/25 | 07:52:40 PM,28.68000030517578,
1761090761,10/21/25 | 07:52:41 PM,29.229999542236328,
1761090762,10/21/25 | 07:52:42 PM,30.90999984741211,
1761090763,10/21/25 | 07:52:43 PM,32.130001068115234,
1761090764,10/21/25 | 07:52:44 PM,32.349998474121094,
1761090765,10/21/25 | 07:52:45 PM,33.130001068115234,
1761090766,10/21/25 | 07:52:46 PM,33.90999984741211,
1761090767,10/21/25 | 07:52:47 PM,34.13999938964844,
1761090768,10/21/25 | 07:52:48 PM,34.13999938964844,
1761090769,10/21/25 | 07:52:49 PM,34.689998626708984,
1761090770,10/21/25 | 07:52:50 PM,34.13999938964844,
1761090771,10/21/25 | 07:52:51 PM,34.36000061035156,
1761090772,10/21/25 | 07:52:52 PM,34.689998626708984,
1761090773,10/21/25 | 07:52:53 PM,34.58000183105469,
1761090774,10/21/25 | 07:52:54 PM,34.36000061035156,
1761090775,10/21/25 | 07:52:55 PM,34.13999938964844,
1761090776,10/21/25 | 07:52:56 PM,34.470001220703125,
1761090777,10/21/25 | 07:52:57 PM,34.029998779296875,
1761090778,10/21/25 | 07:52:58 PM,35.13999938964844,
1761090779,10/21/25 | 07:52:59 PM,33.25,
1761090780,10/21/25 | 07:53:00 PM,33.25,
1761090781,10/21/25 | 07:53:01 PM,33.36000061035156,
1761090782,10/21/25 | 07:53:02 PM,32.689998626708984,
1761090783,10/21/25 | 07:53:03 PM,32.470001220703125,
1761090784,10/21/25 | 07:53:04 PM,33.470001220703125,
1761090785,10/21/25 | 07:53:05 PM,34.029998779296875,
1761090786,10/21/25 | 07:53:06 PM,34.91999816894531,
1761090787,10/21/25 | 07:53:07 PM,35.810001373291016,
1761090788,10/21/25 | 07:53:08 PM,36.369998931884766,
1761090789,10/21/25 | 07:53:09 PM,36.70000076293945,
1761090790,10/21/25 | 07:53:10 PM,36.93000030517578,
1761090791,10/21/25 | 07:53:11 PM,36.369998931884766,
1761090792,10/21/25 | 07:53:12 PM,36.369998931884766,
1761090793,10/21/25 | 07:53:13 PM,35.25,
1761090794,10/21/25 | 07:53:14 PM,35.810001373291016,
1761090795,10/21/25 | 07:53:15 PM,35.59000015258789,
1761090796,10/21/25 | 07:53:16 PM,35.70000076293945,
1761090797,10/21/25 | 07:53:17 PM,35.029998779296875,
1761090798,10/21/25 | 07:53:18 PM,35.029998779296875,
1761090799,10/21/25 | 07:53:19 PM,33.689998626708984,
1761090800,10/21/25 | 07:53:20 PM,30.1299991607666,
1761090801,10/21/25 | 07:53:21 PM,34.25,
1761090802,10/21/25 | 07:53:22 PM,34.470001220703125,
1761090803,10/21/25 | 07:53:23 PM,33.90999984741211,
1761090804,10/21/25 | 07:53:24 PM,33.58000183105469,
1761090805,10/21/25 | 07:53:25 PM,33.689998626708984,
